County,Year,State,Latitude,Longitude,Region,Population,Med_Sales,Rec_Sales,med_sales_per_citizen,rec_sales_per_citizen,Medical Sales Tax (2.9%),Retail Sales Tax (2.9%),Retail Marijuana Special Sales Tax
Adams,2014,COLORADO,39.874325,-104.331872,NE,479477,"$5,781,889","$2,749,908",$12,$6,"$150,247","$38,490","$40,187"
Adams,2015,COLORADO,39.874325,-104.331872,NE,489774,"$5,364,214","$19,462,442",$11,$40,"$148,254","$461,943","$1,524,393"
Adams,2016,COLORADO,39.874325,-104.331872,NE,497419,"$4,942,140","$44,868,387",$10,$90,"$143,489","$1,276,362","$3,643,737"
Adams,2017,COLORADO,39.874325,-104.331872,NE,503375,"$11,187,391","$62,132,216",$22,$123,"$297,812","$937,857","$6,398,279"
Alamosa,2014,COLORADO,37.568442,-105.788041,SW,15758,"NA",$0,"NA",$0,"NA",$0,$0
Alamosa,2015,COLORADO,37.568442,-105.788041,SW,15854,"NA",$0,"NA",$0,"NA",$0,$0
Alamosa,2016,COLORADO,37.568442,-105.788041,SW,16006,"NA",$0,"NA",$0,"NA",$0,$0
Alamosa,2017,COLORADO,37.568442,-105.788041,SW,16056,"NA",$0,"NA",$0,"NA",$0,$0
Arapahoe,2014,COLORADO,39.644632,-104.331733,NE,617498,"$16,861,284","$2,221,929",$27,$4,"$333,697","$23,467","$68,510"
Arapahoe,2015,COLORADO,39.644632,-104.331733,NE,628951,"$19,190,919","$49,342,266",$31,$78,"$629,605","$1,276,430","$3,729,548"
Arapahoe,2016,COLORADO,39.644632,-104.331733,NE,637266,"$18,337,608","$95,552,527",$29,$150,"$522,720","$2,680,956","$7,875,184"
Arapahoe,2017,COLORADO,39.644632,-104.331733,NE,643257,"$12,477,526","$111,836,427",$19,$174,"$368,409","$1,873,934","$11,953,841"
Archuleta,2014,COLORADO,37.202395,-107.050863,SW,12240,"NA","NA","NA","NA","NA","NA","NA"
Archuleta,2015,COLORADO,37.202395,-107.050863,SW,12401,"NA","NA","NA","NA","NA","NA","NA"
Archuleta,2016,COLORADO,37.202395,-107.050863,SW,12839,"NA","NA","NA","NA","NA","$114,538","$337,872"
Archuleta,2017,COLORADO,37.202395,-107.050863,SW,13316,"NA","$6,397,398","NA",$480,"NA","$82,679","$655,314"
Baca,2014,COLORADO,37.303144,-102.535457,SE,3576,$0,$0,$0,$0,$0,$0,$0
Baca,2015,COLORADO,37.303144,-102.535457,SE,3544,$0,$0,$0,$0,$0,$0,$0
Baca,2016,COLORADO,37.303144,-102.535457,SE,3522,$0,$0,$0,$0,$0,$0,$0
Baca,2017,COLORADO,37.303144,-102.535457,SE,3539,$0,$0,$0,$0,$0,$0,"$51,444"
Bent,2014,COLORADO,37.931891,-103.077584,SE,5777,$0,$0,$0,$0,$0,$0,$0
Bent,2015,COLORADO,37.931891,-103.077584,SE,5885,$0,$0,$0,$0,$0,$0,$0
Bent,2016,COLORADO,37.931891,-103.077584,SE,5664,$0,$0,$0,$0,$0,$0,$0
Bent,2017,COLORADO,37.931891,-103.077584,SE,5866,$0,$0,$0,$0,$0,$0,$0
Boulder,2014,COLORADO,40.094826,-105.398382,NE,312588,"$34,337,366","$28,598,157",$110,$91,"$895,194","$722,256","$2,128,576"
Boulder,2015,COLORADO,40.094826,-105.398382,NE,318071,"$31,025,531","$51,439,943",$98,$162,"$857,746","$1,441,729","$4,198,366"
Boulder,2016,COLORADO,40.094826,-105.398382,NE,321363,"$29,000,647","$66,407,479",$90,$207,"$821,874","$1,923,896","$5,634,966"
Boulder,2017,COLORADO,40.094826,-105.398382,NE,322854,"$22,484,860","$77,438,466",$70,$240,"$664,092","$1,231,872","$8,190,693"
Broomfield,2014,COLORADO,39.953383,-105.052125,NE,61617,$0,$0,$0,$0,$0,$0,$0
Broomfield,2015,COLORADO,39.953383,-105.052125,NE,64713,$0,$0,$0,$0,"$2,117","$12,583","$35,220"
Broomfield,2016,COLORADO,39.953383,-105.052125,NE,66399,$0,$0,$0,$0,$0,"$18,666",$0
Broomfield,2017,COLORADO,39.953383,-105.052125,NE,68169,$0,$0,$0,$0,$0,"$22,712",$0
Chaffee,2014,COLORADO,38.738246,-106.316972,SW,18453,"$438,167","NA",$24,"NA","$15,178","NA","NA"
Chaffee,2015,COLORADO,38.738246,-106.316972,SW,18578,"NA","$1,817,143","NA",$98,"NA","$74,682","$216,888"
Chaffee,2016,COLORADO,38.738246,-106.316972,SW,19077,"NA","$2,291,010","NA",$120,"NA","$74,735","$273,904"
Chaffee,2017,COLORADO,38.738246,-106.316972,SW,19623,"NA","$4,014,966","NA",$205,"NA","$57,619","$590,946"
Cheyenne,2014,COLORADO,38.835387,-102.604585,SE,1836,$0,$0,$0,$0,$0,$0,$0
Cheyenne,2015,COLORADO,38.835387,-102.604585,SE,1815,$0,$0,$0,$0,"$3,498","$15,590","$43,411"
Cheyenne,2016,COLORADO,38.835387,-102.604585,SE,1835,$0,$0,$0,$0,$0,$0,$0
Cheyenne,2017,COLORADO,38.835387,-102.604585,SE,1835,$0,$0,$0,$0,$0,$0,$0
Clear Creek,2014,COLORADO,39.689403,-105.670791,NW,9127,"$1,242,045","$4,853,720",$136,$532,"$33,243","$130,195","$377,635"
Clear Creek,2015,COLORADO,39.689403,-105.670791,NW,9279,"$1,031,231","$5,403,849",$111,$582,"$23,695","$130,763","$355,239"
Clear Creek,2016,COLORADO,39.689403,-105.670791,NW,9395,"$949,888","$6,464,191",$101,$688,"$27,949","$184,714","$560,424"
Clear Creek,2017,COLORADO,39.689403,-105.670791,NW,9625,"$570,412","$6,692,065",$59,$695,"$16,430","$115,238","$719,055"
Conejos,2014,COLORADO,37.268971,-106.252214,SW,8196,$0,$0,$0,$0,$0,$0,$0
Conejos,2015,COLORADO,37.268971,-106.252214,SW,8034,$0,"NA",$0,"NA",$0,"NA","NA"
Conejos,2016,COLORADO,37.213407,-106.176447,SW,8018,$0,"$3,522,184",$0,$439,$0,"$90,726","$270,605"
Conejos,2017,COLORADO,37.213407,-106.176447,SW,8117,$0,"$5,426,288",$0,$669,$0,"$78,765","$587,366"
Costilla,2014,COLORADO,37.277547,-105.42894,SE,3563,"NA","NA","NA","NA","NA","NA","NA"
Costilla,2015,COLORADO,37.277547,-105.42894,SE,3577,"NA","NA","NA","NA","NA","NA","NA"
Costilla,2016,COLORADO,37.277547,-105.42894,SE,3700,"NA","$2,836,422","NA",$767,"NA","$74,690","$222,138"
Costilla,2017,COLORADO,37.277547,-105.42894,SE,3771,"NA","$3,874,954","NA","$1,028","NA","$57,306","$431,422"
Crowley,2014,COLORADO,38.321956,-103.787562,SE,5559,$0,$0,$0,$0,$0,$0,$0
Crowley,2015,COLORADO,38.321956,-103.787562,SE,5567,$0,$0,$0,$0,$0,$0,$0
Crowley,2016,COLORADO,38.321956,-103.787562,SE,5203,$0,$0,$0,$0,$0,$0,$0
Crowley,2017,COLORADO,38.321956,-103.787562,SE,5749,$0,$0,$0,$0,$0,$0,$0
Custer,2014,COLORADO,38.101994,-105.373515,SE,4337,$0,$0,$0,$0,$0,$0,$0
Custer,2015,COLORADO,38.101994,-105.373515,SE,4431,$0,$0,$0,$0,$0,$0,$0
Custer,2016,COLORADO,38.101994,-105.373515,SE,4579,$0,$0,$0,$0,$0,$0,$0
Custer,2017,COLORADO,38.101994,-105.373515,SE,4859,$0,$0,$0,$0,$0,$0,$0
Delta,2014,COLORADO,38.861756,-107.864757,SW,29968,$0,$0,$0,$0,$0,$0,$0
Delta,2015,COLORADO,38.861756,-107.864757,SW,29929,$0,$0,$0,$0,$0,$0,$0
Delta,2016,COLORADO,38.861756,-107.864757,SW,30377,$0,$0,$0,$0,$0,$0,$0
Delta,2017,COLORADO,38.861756,-107.864757,SW,30578,$0,$0,$0,$0,$0,$0,$0
Denver,2014,COLORADO,39.761849,-104.880625,NE,664715,"$174,581,324","$151,349,554",$263,$228,"$4,746,441","$3,958,976","$11,602,829"
Denver,2015,COLORADO,39.761849,-104.880625,NE,683081,"$190,607,334","$216,596,860",$279,$317,"$4,938,367","$5,937,202","$17,730,896"
Denver,2016,COLORADO,39.761849,-104.880625,NE,696347,"$210,860,875","$290,750,789",$303,$418,"$6,011,329","$8,092,488","$24,294,095"
Denver,2017,COLORADO,39.761849,-104.880625,NE,705651,"$202,864,231","$374,673,239",$287,$531,"$5,856,271","$5,822,576","$39,493,849"
Dolores,2014,COLORADO,37.747602,-108.530383,SW,1968,$0,$0,$0,$0,$0,$0,$0
Dolores,2015,COLORADO,37.747602,-108.530383,SW,1973,$0,$0,$0,$0,$0,$0,$0
Dolores,2016,COLORADO,37.747602,-108.530383,SW,2050,$0,$0,$0,$0,$0,$0,$0
Dolores,2017,COLORADO,37.747602,-108.530383,SW,2040,$0,$0,$0,$0,$0,$0,$0
Douglas,2014,COLORADO,39.326435,-104.926199,NE,314527,$0,$0,$0,$0,$0,$0,$0
Douglas,2015,COLORADO,39.326435,-104.926199,NE,321772,$0,$0,$0,$0,$0,$0,$0
Douglas,2016,COLORADO,39.326435,-104.926199,NE,327970,$0,$0,$0,$0,$0,$0,$0
Douglas,2017,COLORADO,39.326435,-104.926199,NE,335635,$0,$0,$0,$0,$0,$0,$0
Eagle,2014,COLORADO,39.630638,-106.692944,NW,53091,"$2,259,892","$2,234,621",$43,$42,"$62,120","$42,318","$129,544"
Eagle,2015,COLORADO,39.630638,-106.692944,NW,53610,"$3,497,800","$8,187,585",$65,$153,"$104,788","$226,720","$661,139"
Eagle,2016,COLORADO,39.630638,-106.692944,NW,54294,"$2,485,992","$12,353,951",$46,$228,"$79,729","$338,941","$1,014,071"
Eagle,2017,COLORADO,39.630638,-106.692944,NW,54662,"$1,658,458","$13,851,679",$30,$253,"$48,385","$274,432","$1,614,748"
El Paso,2014,COLORADO,39.630638,-106.692944,SE,663443,"$67,026,306","NA",$101,"NA","$1,743,466","NA","NA"
El Paso,2015,COLORADO,39.630638,-106.692944,SE,674993,"$86,100,007","NA",$128,"NA","$2,348,200","NA","NA"
El Paso,2016,COLORADO,39.630638,-106.692944,SE,689082,"$101,137,059","NA",$147,"NA","$2,730,304","NA","NA"
El Paso,2017,COLORADO,39.630638,-106.692944,SE,701283,"$102,115,436","NA",$146,"NA","$2,805,235","NA","NA"
Elbert,2014,COLORADO,39.310817,-104.117928,NE,23965,$0,$0,$0,$0,$0,$0,$0
Elbert,2015,COLORADO,39.310817,-104.117928,NE,24522,$0,$0,$0,$0,$0,$0,$0
Elbert,2016,COLORADO,39.310817,-104.117928,NE,25004,$0,$0,$0,$0,$0,$0,$0
Elbert,2017,COLORADO,39.310817,-104.117928,NE,25594,$0,$0,$0,$0,$0,$0,$0
Fremont,2014,COLORADO,38.455658,-105.421438,SE,46093,"$2,530,928",$0,$55,$0,"$68,284",$0,$0
Fremont,2015,COLORADO,38.455658,-105.421438,SE,46245,"$2,392,649",$0,$52,$0,"$69,247",$0,$0
Fremont,2016,COLORADO,38.455658,-105.421438,SE,46940,"$2,077,837",$0,$44,$0,"$57,724",$0,$0
Fremont,2017,COLORADO,38.455658,-105.421438,SE,47521,"$1,663,234",$0,$35,$0,"$50,927",$0,$0
Garfield,2014,COLORADO,39.599352,-107.90978,NW,57182,"$4,892,957","$3,851,567",$86,$67,"$138,898","$93,567","$280,152"
Garfield,2015,COLORADO,39.599352,-107.90978,NW,57755,"$4,935,660","$9,099,897",$85,$158,"$139,386","$246,492","$741,002"
Garfield,2016,COLORADO,39.599352,-107.90978,NW,58938,"$4,922,183","$16,000,942",$84,$271,"$137,829","$422,266","$1,320,639"
Garfield,2017,COLORADO,39.599352,-107.90978,NW,59167,"$3,536,822","$21,863,129",$60,$370,"$102,842","$348,025","$2,297,630"
Gilpin,2014,COLORADO,39.861082,-105.528947,NE,5737,"$371,334","$1,376,580",$65,$240,"$10,186","$41,666","$108,889"
Gilpin,2015,COLORADO,39.861082,-105.528947,NE,5792,"$124,465","$1,890,289",$21,$326,"$5,986","$50,930","$150,858"
Gilpin,2016,COLORADO,39.861082,-105.528947,NE,5901,"NA","$2,654,538","NA",$450,$701,"$69,089","$231,253"
Gilpin,2017,COLORADO,39.861082,-105.528947,NE,6e3,"NA","$2,553,596","NA",$426,"NA","$45,909","$284,431"
Grand,2014,COLORADO,40.123289,-106.095876,NW,14535,"NA","NA","NA","NA","NA",$0,$0
Grand,2015,COLORADO,40.123289,-106.095876,NW,14686,"NA","$1,380,296","NA",$94,"NA","$32,637","$93,959"
Grand,2016,COLORADO,40.123289,-106.095876,NW,15124,"NA","$3,292,626","NA",$218,"NA","$90,518","$270,157"
Grand,2017,COLORADO,40.123289,-106.095876,NW,15297,"NA","$3,957,092","NA",$259,"NA","$68,515","$428,934"
Gunnison,2014,COLORADO,38.669679,-107.078108,SW,15792,"$36,255","$1,418,443",$2,$90,"$3,655","$34,257","$101,487"
Gunnison,2015,COLORADO,38.669679,-107.078108,SW,16120,"NA","$3,262,219","NA",$202,$237,"$95,503","$264,517"
Gunnison,2016,COLORADO,38.669679,-107.078108,SW,16433,"NA","$5,421,591","NA",$330,"NA","$161,411","$422,319"
Gunnison,2017,COLORADO,38.669679,-107.078108,SW,16871,"NA","$6,880,647","NA",$408,"NA","$107,688","$819,589"
Hinsdale,2014,COLORADO,37.811625,-107.383405,SW,771,$0,$0,$0,$0,$0,$0,$0
Hinsdale,2015,COLORADO,37.811625,-107.383405,SW,764,$0,$0,$0,$0,$0,$0,$0
Hinsdale,2016,COLORADO,37.811625,-107.383405,SW,786,$0,$0,$0,$0,$0,$0,$0
Hinsdale,2017,COLORADO,37.811625,-107.383405,SW,791,$0,$0,$0,$0,"$43,750","$123,827",$0
Huerfano,2014,COLORADO,37.612598,-104.938885,SE,6370,$0,$0,$0,$0,$0,$0,$0
Huerfano,2015,COLORADO,37.612598,-104.938885,SE,6379,$0,"NA",$0,"NA",$0,"NA","NA"
Huerfano,2016,COLORADO,37.687815,-104.959928,SE,6557,$0,"NA",$0,"NA",$0,"NA","NA"
Huerfano,2017,COLORADO,37.687815,-104.959928,SE,6605,$0,"NA",$0,"NA",$0,"NA","NA"
Jackson,2014,COLORADO,40.663432,-106.329248,NW,1384,$0,$0,$0,$0,$0,$0,$0
Jackson,2015,COLORADO,40.663432,-106.329248,NW,1350,$0,$0,$0,$0,$0,$0,$0
Jackson,2016,COLORADO,40.663432,-106.329248,NW,1356,$0,$0,$0,$0,$0,$0,$0
Jackson,2017,COLORADO,40.663432,-106.329248,NW,1375,$0,$0,$0,$0,$0,$0,"$574,647"
Jefferson,2014,COLORADO,39.58646,-105.245601,NE,558554,"$23,378,558","$17,685,199",$42,$32,"$582,515","$444,658","$1,326,589"
Jefferson,2015,COLORADO,39.58646,-105.245601,NE,564441,"$22,665,768","$31,666,363",$40,$56,"$605,557","$858,140","$2,547,463"
Jefferson,2016,COLORADO,39.58646,-105.245601,NE,570932,"$19,555,613","$46,058,623",$34,$81,"$563,251","$1,287,358","$3,754,751"
Jefferson,2017,COLORADO,39.58646,-105.245601,NE,575193,"$16,660,265","$51,783,620",$29,$90,"$468,475","$755,583","$4,978,786"
Kiowa,2014,COLORADO,38.388466,-102.75621,SE,1377,$0,$0,$0,$0,$0,$0,$0
Kiowa,2015,COLORADO,38.388466,-102.75621,SE,1382,$0,$0,$0,$0,$0,$0,$0
Kiowa,2016,COLORADO,38.388466,-102.75621,SE,1343,$0,$0,$0,$0,$0,$0,$0
Kiowa,2017,COLORADO,38.388466,-102.75621,SE,1364,$0,$0,$0,$0,$0,$0,$0
Kit Carson,2014,COLORADO,39.30534,-102.603023,NE,7998,$0,$0,$0,$0,$0,$0,$0
Kit Carson,2015,COLORADO,39.30534,-102.603023,NE,8193,$0,$0,$0,$0,$0,$0,$0
Kit Carson,2016,COLORADO,39.30534,-102.603023,NE,7629,$0,$0,$0,$0,$0,$0,$0
Kit Carson,2017,COLORADO,39.30534,-102.603023,NE,7154,$0,$0,$0,$0,$0,$0,$0
La Plata,2014,COLORADO,39.204316,-106.349696,SW,53883,"$6,726,061","$1,486,443",$125,$28,"$178,213","$18,997","$55,037"
La Plata,2015,COLORADO,39.204316,-106.349696,SW,54711,$0,"$14,867,258",$0,$272,"$193,362","$363,683","$1,183,539"
La Plata,2016,COLORADO,39.30534,-102.603023,NW,55378,"$4,751,071","$22,269,388",$86,$402,"$133,055","$589,877","$1,909,225"
La Plata,2017,COLORADO,39.30534,-102.603023,NW,55619,"$3,653,452","$24,145,064",$66,$434,"$104,962","$413,948","$2,632,306"
Lake,2014,COLORADO,39.30534,-102.603023,NW,7272,$0,"NA",$0,"NA","NA","NA","NA"
Lake,2015,COLORADO,39.30534,-102.603023,NW,7399,"$6,725,788","NA",$909,"NA","NA","NA","NA"
Lake,2016,COLORADO,39.204316,-106.349696,SW,7534,$0,"$1,559,668",$0,$207,$0,"$40,362","$117,031"
Lake,2017,COLORADO,39.204316,-106.349696,SW,7705,$0,"$2,521,583",$0,$327,$0,"$36,806","$277,851"
Larimer,2014,COLORADO,40.663091,-105.482131,NE,323792,"$13,944,961","$8,433,806",$43,$26,"$347,192","$199,515","$581,704"
Larimer,2015,COLORADO,40.663091,-105.482131,NE,332980,"$15,907,033","$28,652,122",$48,$86,"$427,065","$782,856","$2,299,012"
Larimer,2016,COLORADO,40.663091,-105.482131,NE,338704,"$15,839,352","$44,288,501",$47,$131,"$418,448","$1,232,733","$3,674,846"
Larimer,2017,COLORADO,40.663091,-105.482131,NE,343853,"$13,868,286","$58,391,921",$40,$170,"$373,032","$857,813","$6,211,104"
Las Animas,2014,COLORADO,38.066674,-103.222708,SE,14041,$0,$0,$0,$0,$0,"NA","NA"
Las Animas,2015,COLORADO,38.066674,-103.222708,SE,14029,"NA","$8,598,642","NA",$613,"NA","$216,087","$627,139"
Las Animas,2016,COLORADO,37.318831,-104.04411,SE,14059,"NA","$21,456,457","NA","$1,526","NA","$560,018","$1,722,751"
Las Animas,2017,COLORADO,37.318831,-104.04411,SE,14197,"$338,983","$43,913,648",$24,"$3,093","$8,215","$599,640","$4,669,411"
Lincoln,2014,COLORADO,38.99374,-103.507555,SE,5512,$0,$0,$0,$0,$0,$0,$0
Lincoln,2015,COLORADO,38.99374,-103.507555,SE,5548,$0,$0,$0,$0,$0,$0,$0
Lincoln,2016,COLORADO,38.99374,-103.507555,SE,5551,$0,$0,$0,$0,"$2,907","$34,131",$0
Lincoln,2017,COLORADO,38.99374,-103.507555,SE,5526,$0,$0,$0,$0,"$3,140","$46,063",$0
Logan,2014,COLORADO,40.728091,-103.090464,NE,22104,$0,$0,$0,$0,$0,$0,$0
Logan,2015,COLORADO,40.728091,-103.090464,NE,22122,$0,$0,$0,$0,$0,$0,$0
Logan,2016,COLORADO,40.728091,-103.090464,NE,22043,$0,$0,$0,$0,$0,$0,$0
Logan,2017,COLORADO,40.728091,-103.090464,NE,21893,$0,$0,$0,$0,$0,$0,$0
Mesa,2014,COLORADO,39.019492,-108.461837,NW,147735,"NA",$0,"NA",$0,"NA",$0,$0
Mesa,2015,COLORADO,39.019492,-108.461837,NW,148597,"NA","NA","NA","NA","NA","NA","NA"
Mesa,2016,COLORADO,39.019492,-108.461837,NW,150258,"NA","NA","NA","NA","NA","NA","NA"
Mesa,2017,COLORADO,39.019492,-108.461837,NW,151900,"NA","$3,965,609","NA",$26,"NA","NA","$391,722"
Mineral,2014,COLORADO,37.651478,-106.9323,SW,703,$0,$0,$0,$0,$0,$0,$0
Mineral,2015,COLORADO,37.651478,-106.9323,SW,745,$0,$0,$0,$0,$0,$0,$0
Mineral,2016,COLORADO,37.651478,-106.9323,SW,756,$0,$0,$0,$0,$0,$0,$0
Mineral,2017,COLORADO,37.651478,-106.9323,SW,752,$0,$0,$0,$0,$0,$0,$0
Moffat,2014,COLORADO,40.573984,-108.204521,NW,12944,"NA",$0,"NA",$0,"NA",$0,$0
Moffat,2015,COLORADO,40.573984,-108.204521,NW,12952,"NA",$0,"NA",$0,"NA",$0,$0
Moffat,2016,COLORADO,40.573984,-108.204521,NW,13169,"NA",$0,"NA",$0,"NA",$0,$0
Moffat,2017,COLORADO,40.573984,-108.204521,NW,13112,"NA",$0,"NA",$0,"NA",$0,$0
Montezuma,2014,COLORADO,37.338025,-108.595786,SW,25464,"$1,045,651","NA",$41,"NA","$29,099",$0,$0
Montezuma,2015,COLORADO,37.338025,-108.595786,SW,25674,"$1,438,508","$5,090,272",$56,$198,"$40,738","$128,953","$385,938"
Montezuma,2016,COLORADO,37.338025,-108.595786,SW,25961,"$1,001,886","$12,108,651",$39,$466,"$26,795","$288,012","$974,944"
Montezuma,2017,COLORADO,37.338025,-108.595786,SW,26074,"$824,786","$20,163,593",$32,$773,"$19,406","$264,002","$2,129,954"
Montrose,2014,COLORADO,38.413427,-108.263042,SW,40564,"NA",$0,"NA",$0,"NA",$0,$0
Montrose,2015,COLORADO,38.413427,-108.263042,SW,40552,"NA",$0,"NA",$0,"NA",$0,$0
Montrose,2016,COLORADO,38.413427,-108.263042,SW,41142,"NA",$0,"NA",$0,"NA",$0,$0
Montrose,2017,COLORADO,38.413427,-108.263042,SW,41763,"NA",$0,"NA",$0,"NA",$0,$0
Morgan,2014,COLORADO,40.262354,-103.807092,NE,28007,"NA","NA","NA","NA","NA","NA","NA"
Morgan,2015,COLORADO,40.262354,-103.807092,NE,28108,"NA","NA","NA","NA","NA","NA","NA"
Morgan,2016,COLORADO,40.262354,-103.807092,NE,28015,"NA","$4,138,320","NA",$148,"NA","$112,087","$317,958"
Morgan,2017,COLORADO,40.262354,-103.807092,NE,28075,"NA","$7,918,706","NA",$282,"NA","$93,422","$909,440"
Not Reported,2014,COLORADO,NA,NA,NA,NA,"$8,256,689","$34,596,051","NA","NA","$211,599","$973,726","$2,720,699"
Not Reported,2015,COLORADO,NA,NA,NA,NA,"$8,229,173","$49,239,627","NA","NA","$222,731","$1,394,020","$4,033,813"
Not Reported,2016,COLORADO,NA,NA,NA,NA,"$9,203,490","$53,267,417","NA","NA","$254,181","$1,425,366","$4,136,846"
Not Reported,2017,COLORADO,NA,NA,NA,NA,"$8,784,873","$46,560,741","NA","NA","$237,672","$787,811","$4,884,657"
Otero,2014,COLORADO,37.939766,-103.636272,SE,18335,$0,$0,$0,$0,"NA","NA","NA"
Otero,2015,COLORADO,37.939766,-103.636272,SE,18187,$0,$0,$0,$0,$0,$0,$0
Otero,2016,COLORADO,37.88417,-103.72126,SE,18206,"NA",$0,"NA",$0,$0,$0,$0
Otero,2017,COLORADO,37.88417,-103.72126,SE,18370,"NA",$0,"NA",$0,"NA",$0,$0
Ouray,2014,COLORADO,38.1506,-107.767133,SW,4560,"NA","NA","NA","NA","NA","NA","NA"
Ouray,2015,COLORADO,38.1506,-107.767133,SW,4587,"NA","$342,075","NA",$75,"NA","$7,326","$27,646"
Ouray,2016,COLORADO,38.1506,-107.767133,SW,4766,"NA","$2,877,032","NA",$604,"NA","$80,008","$258,850"
Ouray,2017,COLORADO,38.1506,-107.767133,SW,4783,"NA","$3,916,926","NA",$819,"NA","$69,834","$419,231"
Park,2014,COLORADO,39.118914,-105.717648,NW,16353,"NA","NA","NA","NA","NA","NA","NA"
Park,2015,COLORADO,39.118914,-105.717648,NW,16704,"NA","$1,815,654","NA",$109,"NA","$49,253","$138,816"
Park,2016,COLORADO,39.118914,-105.717648,NW,17339,"NA","$3,331,577","NA",$192,"NA","$94,688","$273,587"
Park,2017,COLORADO,39.118914,-105.717648,NW,17892,"NA","$4,250,202","NA",$238,"NA","$66,103","$454,839"
Phillips,2014,COLORADO,40.594712,-102.345105,NE,4375,$0,$0,$0,$0,"$2,135","$6,478","$21,362"
Phillips,2015,COLORADO,40.594712,-102.345105,NE,4310,$0,$0,$0,$0,$0,$0,$0
Phillips,2016,COLORADO,40.594712,-102.345105,NE,4274,$0,$0,$0,$0,$0,$0,$0
Phillips,2017,COLORADO,40.594712,-102.345105,NE,4275,$0,$0,$0,$0,$0,$0,$0
Pitkin,2014,COLORADO,39.217533,-106.915943,NW,17664,"$1,419,703","$3,120,952",$80,$177,"$44,635","$66,096","$191,460"
Pitkin,2015,COLORADO,39.217533,-106.915943,NW,17864,"$978,931","$7,723,852",$55,$432,"$27,886","$226,897","$631,418"
Pitkin,2016,COLORADO,39.217533,-106.915943,NW,17873,"$1,035,481","$9,593,269",$58,$537,"$42,832","$246,531","$810,634"
Pitkin,2017,COLORADO,39.217533,-106.915943,NW,17875,"$711,009","$11,588,192",$40,$648,"$13,309","$198,200","$1,199,855"
Prowers,2014,COLORADO,37.958181,-102.392161,SE,12042,$0,$0,$0,$0,$0,$0,$0
Prowers,2015,COLORADO,37.958181,-102.392161,SE,11921,$0,$0,$0,$0,$0,$0,$0
Prowers,2016,COLORADO,37.958181,-102.392161,SE,11939,$0,$0,$0,$0,$0,$0,$0
Prowers,2017,COLORADO,37.958181,-102.392161,SE,12004,$0,$0,$0,$0,$0,$0,$0
Pueblo,2014,COLORADO,38.170658,-104.489893,SE,161042,"$4,903,907","$14,739,255",$30,$92,"$122,830","$415,037","$1,135,492"
Pueblo,2015,COLORADO,38.170658,-104.489893,SE,162664,"$8,010,411","$17,932,786",$49,$110,"$170,236","$468,083","$1,480,241"
Pueblo,2016,COLORADO,38.170658,-104.489893,SE,164447,"$12,103,990","$28,801,714",$74,$175,"$265,129","$726,319","$2,409,175"
Pueblo,2017,COLORADO,38.170658,-104.489893,SE,165974,"$7,297,082","$40,088,773",$44,$242,"$203,467","$597,438","$4,118,825"
Rio Blanco,2014,COLORADO,39.972606,-108.20068499999999,NW,6599,$0,$0,$0,$0,$0,$0,$0
Rio Blanco,2015,COLORADO,39.972606,-108.20068499999999,NW,6480,$0,$0,$0,$0,$0,$0,$0
Rio Blanco,2016,COLORADO,39.972606,-108.20068499999999,NW,6434,$0,$0,$0,$0,$0,$0,$0
Rio Blanco,2017,COLORADO,39.972606,-108.20068499999999,NW,6345,$0,$0,$0,$0,$0,$0,$0
Rio Grande,2014,COLORADO,37.485763,-106.453214,SW,11482,$0,$0,$0,$0,$0,$0,$0
Rio Grande,2015,COLORADO,37.485763,-106.453214,SW,11320,$0,$0,$0,$0,$0,$0,$0
Rio Grande,2016,COLORADO,37.485763,-106.453214,SW,11313,$0,$0,$0,$0,$0,$0,$0
Rio Grande,2017,COLORADO,37.485763,-106.453214,SW,11251,$0,$0,$0,$0,$0,$0,$0
Routt,2014,COLORADO,40.48316,-106.985289,NW,24016,"$1,516,593","$493,745",$63,$21,"$45,293","NA","NA"
Routt,2015,COLORADO,40.48316,-106.985289,NW,24307,"$1,905,809","$5,470,092",$78,$225,"$58,111","$158,813","$457,426"
Routt,2016,COLORADO,40.48316,-106.985289,NW,24667,"$1,838,231","$8,693,203",$75,$352,"$52,900","$249,219","$726,063"
Routt,2017,COLORADO,40.48316,-106.985289,NW,25178,"$524,482","$10,283,160",$21,$408,"$24,559","$168,551","$1,061,792"
Saguache,2014,COLORADO,38.033952,-106.246675,SW,6199,"NA","NA","NA","NA","NA","NA","NA"
Saguache,2015,COLORADO,38.033952,-106.246675,SW,6252,$0,"NA",$0,"NA",$0,"NA","NA"
Saguache,2016,COLORADO,38.033952,-106.246675,SW,6412,$0,"NA",$0,"NA",$0,"NA","NA"
Saguache,2017,COLORADO,38.033952,-106.246675,SW,6631,$0,"$464,262",$0,$70,$0,"NA","$49,352"
San Juan,2014,COLORADO,37.75737,-107.71625,SW,712,$0,$0,$0,$0,$0,$0,$0
San Juan,2015,COLORADO,37.75737,-107.71625,SW,689,$0,"NA",$0,"NA",$0,"NA","NA"
San Juan,2016,COLORADO,37.781075,-107.670257,SW,689,$0,"NA",$0,"NA","NA","NA","NA"
San Juan,2017,COLORADO,37.781075,-107.670257,SW,690,$0,"NA",$0,"NA",$0,"NA","NA"
San Miguel,2014,COLORADO,38.009374,-108.427326,SW,7704,"$764,515","$4,169,063",$99,$541,"$21,932","$116,197","$329,003"
San Miguel,2015,COLORADO,38.009374,-108.427326,SW,7787,"$522,009","$3,346,696",$67,$430,"$15,682","$98,680","$285,372"
San Miguel,2016,COLORADO,38.009374,-108.427326,SW,7957,"$417,226","$3,351,876",$52,$421,"$12,930","$101,626","$286,496"
San Miguel,2017,COLORADO,38.009374,-108.427326,SW,7967,"$190,065","$4,337,975",$24,$544,"$6,678","$73,758","$465,863"
Sedgwick,2014,COLORADO,40.871568,-102.355358,NE,2327,"NA","NA","NA","NA","NA","NA","NA"
Sedgwick,2015,COLORADO,40.871568,-102.355358,NE,2371,"NA","NA","NA","NA","NA","NA","NA"
Sedgwick,2016,COLORADO,40.871568,-102.355358,NE,2399,"NA","NA","NA","NA","NA","NA","NA"
Sedgwick,2017,COLORADO,40.871568,-102.355358,NE,2314,"NA","NA","NA","NA","NA","NA","NA"
Summit,2014,COLORADO,39.621023,-106.137555,NW,29197,"$2,511,886","$10,999,006",$86,$377,"$67,317","$289,928","$834,127"
Summit,2015,COLORADO,39.621023,-106.137555,NW,29860,"$2,922,604","$14,799,676",$98,$496,"$81,622","$420,621","$1,216,301"
Summit,2016,COLORADO,39.621023,-106.137555,NW,30324,"$1,756,713","$20,115,627",$58,$663,"$52,301","$564,690","$1,654,073"
Summit,2017,COLORADO,39.621023,-106.137555,NW,30555,"$1,354,885","$22,904,938",$44,$750,"$39,020","$424,211","$2,346,253"
Teller,2014,COLORADO,38.871994,-105.182552,SE,23406,"NA",$0,"NA",$0,"NA",$0,$0
Teller,2015,COLORADO,38.871994,-105.182552,SE,23351,"NA",$0,"NA",$0,"NA",$0,$0
Teller,2016,COLORADO,38.871994,-105.182552,SE,24012,"NA",$0,"NA",$0,"NA",$0,$0
Teller,2017,COLORADO,38.871994,-105.182552,SE,24625,"NA",$0,"NA",$0,"NA",$0,$0
Washington,2014,COLORADO,39.965413,-103.209605,NE,4724,$0,$0,$0,$0,$0,$0,$0
Washington,2015,COLORADO,39.965413,-103.209605,NE,4779,$0,$0,$0,$0,$0,$0,$0
Washington,2016,COLORADO,39.965413,-103.209605,NE,4831,$0,$0,$0,$0,$0,$0,$0
Washington,2017,COLORADO,39.965413,-103.209605,NE,4921,$0,$0,$0,$0,$0,$0,$0
Weld,2014,COLORADO,40.555794,-104.383649,NE,275655,"$5,455,796","$8,861,738",$20,$32,"$144,272","$221,263","$662,209"
Weld,2015,COLORADO,40.555794,-104.383649,NE,284474,"$5,455,796","$8,861,738",$19,$31,"$129,281","$548,976","$1,621,780"
Weld,2016,COLORADO,40.555794,-104.383649,NE,294294,"$3,425,078","$26,625,504",$12,$90,"$104,089","$739,474","$2,208,676"
Weld,2017,COLORADO,40.555794,-104.383649,NE,304435,"$3,750,264","$30,987,020",$12,$102,"$101,825","$508,971","$3,280,646"
Yuma,2014,COLORADO,40.000631,-102.422649,NE,10195,$0,$0,$0,$0,$0,$0,$0
Yuma,2015,COLORADO,40.000631,-102.422649,NE,10086,$0,$0,$0,$0,$0,$0,$0
Yuma,2016,COLORADO,40.000631,-102.422649,NE,10145,$0,$0,$0,$0,$0,$0,$0
Yuma,2017,COLORADO,40.000631,-102.422649,NE,10075,$0,$0,$0,$0,$0,$0,$0
